title,href,desc
比特币玄学：神秘的“上香”仪式背后暗藏哪些玄机？,https://www.jinse.com/blockchain/577590.html,技术社区将向创世地址进行小额转账的行为称为“上香”，通常是出于对中本聪的致敬。
2019年区块链应用落地哪家强？蚂蚁、迅雷和腾讯,https://www.jinse.com/blockchain/577563.html,较2019上半年，下半年各技术平台的落地数几乎都在减少。此外，就各平台已披露的项目而言，国内技术平台基本已经分出三条发展路径。
BitMEX Research：BSV经历了一次非共识链分裂,https://www.jinse.com/lives/143924.html,BitMEX Research在推特表示，BSV经历了一次非共识链分裂，它发生在14:36 UTC到14:51 UTC之间” ，不过。截至发稿时，很难看到拆分本身是否对Bitcoin SV的价格产生任何影响，因为经过一段横向移动之后，BSV在7小时内下跌了1.70％，随后再次上涨。（ambcrypto）
观点：关于行为的加密经济学假设,https://www.jinse.com/blockchain/577534.html,他那慷慨的威胁才是他的杀手锏。
金色荐读丨以太坊永不为奴 ETH2前途光明,https://www.jinse.com/blockchain/577520.html,毫不夸张的说，ETH2的研究团队是整个区块链领域中最有经验和才华的协议设计团队。
一文读懂加密货币智能钱包生态先行者,https://www.jinse.com/blockchain/577536.html,想抛开私钥和助记词，你必须了解一下智能钱包。
因加密投资暴富的玩家又出现了 可我已经输完了本金,https://www.jinse.com/blockchain/577517.html,我的故事，你的前车之鉴。
大盘继续整理 后市可期,https://www.jinse.com/blockchain/577532.html,正常节奏，理应如此
区块链系统治理一览：如何设计出确保区块链长期发展的治理机制？,https://www.jinse.com/blockchain/577529.html,如何设计一个能够确保区块链项目长期繁荣发展的治理系统？本文从更深的层次角度探讨链上治理系统的典型设计问题
中本聪与密码朋克们的故事：这些邮件可能是他身份的关键,https://www.jinse.com/blockchain/577523.html,近期，Blockstream首席执行官Adam Back 在接受外媒Cointelegraph采访时谈到了他与中本聪的电子邮件交流，以及他对比特币隐私的看法等内容。
盗电挖矿进了局子  比特币与人身自由你选哪个？,https://www.jinse.com/blockchain/577518.html,从俄罗斯核能研究所的硬核盗电，到国内矿工屡禁不止的偷电挖矿，未来也许偷电挖矿事件还会出现。但是，比特币网络需要矿工提供的安全保障，但也也需要矿工合法挖矿。
区块链竞赛：中国和美国落地上有哪些差异？,https://www.jinse.com/blockchain/577487.html,走一条“中国特色”区块链之路。
BTC月线盘面预示距离牛抬头只一步之遥,https://www.jinse.com/news/blockchain/577497.html,BTC月线盘面预示距离牛抬头只一步之遥
区块链发票落地浙江半年记： 507家医疗机构上链、节省超3000万票据成本,https://www.jinse.com/blockchain/577486.html,6个月破1亿张！区块链电子票据的浙江速度。
Coinbase 前副总裁：中心化存储去中心化货币 是否破坏了加密货币的意义？,https://www.jinse.com/blockchain/577484.html,加密货币交易本质上是不可逆的。政府或银行无法按下全局重置按钮来返还被盗资金。一旦加密货币消失，它就真的消失了。
看完这27家区块链概念公司去年的业绩 就知道区块链行业的真实现况了,https://www.jinse.com/blockchain/577468.html,截至1月20日，37家区块链概念上市公司披露了2019年业绩预告，超过7成公司预喜。
Polkadot VS Cosmos：谁是2020跨链之王？（上）,https://www.jinse.com/blockchain/577454.html,密码极客首届线上辩论赛全程回顾
华尔街大鳄丢币 加密世界“丢份”,https://www.jinse.com/blockchain/577450.html,正如Vitalik所言“我们应该将钱包做的更好更易用，而不应让用户自己去保证其安全性。”
加入CRC 欧科集团的新品牌战略布局又进一步？,https://www.jinse.com/news/blockchain/577451.html,欧科集团旗下OKCoin的高管在推特上宣布，正式加入加密评级委员会。
10年盘面走势预示BTC一波大爆炸行情或在酝酿,https://www.jinse.com/news/blockchain/577448.html,10年盘面走势预示BTC一波大爆炸行情或在酝酿
2019年区块链应用落地哪家强？蚂蚁、迅雷和腾讯,https://www.jinse.com/blockchain/577563.html,较2019上半年，下半年各技术平台的落地数几乎都在减少。此外，就各平台已披露的项目而言，国内技术平台基本已经分出三条发展路径。
区块链发票落地浙江半年记： 507家医疗机构上链、节省超3000万票据成本,https://www.jinse.com/blockchain/577486.html,6个月破1亿张！区块链电子票据的浙江速度。
看完这27家区块链概念公司去年的业绩 就知道区块链行业的真实现况了,https://www.jinse.com/blockchain/577468.html,截至1月20日，37家区块链概念上市公司披露了2019年业绩预告，超过7成公司预喜。
华尔街大鳄丢币 加密世界“丢份”,https://www.jinse.com/blockchain/577450.html,正如Vitalik所言“我们应该将钱包做的更好更易用，而不应让用户自己去保证其安全性。”
加入CRC 欧科集团的新品牌战略布局又进一步？,https://www.jinse.com/news/blockchain/577451.html,欧科集团旗下OKCoin的高管在推特上宣布，正式加入加密评级委员会。
中国版“监管沙箱”走向前台,https://www.jinse.com/news/blockchain/577437.html,近日，北京市金融科技创新监管试点应用首批名单、上海金融科技中心建设实施方案先后出炉。业内人士指出，这标志着中国版金融“监管沙箱”正式走上前台。
过年期间 或会孕育新一轮机会,https://www.jinse.com/blockchain/577400.html,比特币量能又缩下来了，昨天减产币反弹的时候，比特币的反弹并没有跟上，说明近期仍然不是比特币的主导行情，比特币继续在这个位置震荡为主。
BTC减半之外 矿业还会发生这三件大事,https://www.jinse.com/blockchain/577399.html,“看历史的人如果少，历史就比较容易重演，看历史的人多了，‘历史’才能改变。”
比特币价格走势和黄金涨跌有相关性吗？,https://www.jinse.com/news/blockchain/577413.html,比特币与黄金，分别是数字黄金和实物黄金，这两者之间的涨跌有没有联系？
2020年区块链从试验走向规模化 保险、贸易、公证等行业场景应用凸显,https://www.jinse.com/news/blockchain/577401.html,区块链在金融端的探索越走越深。
区块链如何应对量子计算的挑战？,https://www.jinse.com/blockchain/577398.html,量子计算对区块链构成威胁吗？简短的答案是肯定的，但有细微差别需要考虑
比特币上的DeFi之路,https://www.jinse.com/blockchain/577382.html,比特币的DeFi有可能实现吗？
韩国互联网银行Kakao Bank计划今年底上市 腾讯为第二大股东,https://www.jinse.com/blockchain/577289.html,据IPO早知道消息，韩国最大纯互联网银行Kakao Bank的一位高管近期表示，公司准备在今年年底前在该国股市上市。
数字金融市场 将成为重要竞争之地,https://www.jinse.com/news/blockchain/577376.html,“中国，已经成为了全球规模最大的数字金融市场。”
Matt Spoke：风投公司正在助长新型经济风险,https://www.jinse.com/blockchain/577359.html,​Matthew Spoke是OAN开放应用公网联合创始人兼CEO、开放基金会创始人兼CEO，以及以太坊企业联盟创始理事会成员。
肖飒：区块链技术及其应用的法律边界是什么？,https://www.jinse.com/news/blockchain/577352.html,法律如何给区块链技术及其应用赋能？也就是说，区块链技术及其应用的法律边界是什么？
18张图表+8个问题 快速了解2019加密货币市场,https://www.jinse.com/blockchain/577335.html,近日，区块链领域全球领先媒体The Block发布了2019年加密货币市场研究报告，报告披露了大量的数据。同时，资产管理公司Bitwise也刚刚对400多名传统投资顾问做了问卷调查。
英国银行平台Cashaa推出加密友好的银行服务,https://www.jinse.com/blockchain/577319.html,英国银行服务平台Cashaa推出了一款新产品以为个人和企业提供加密服务。
区块链：告别浮躁 深耕应用,https://www.jinse.com/blockchain/577316.html,“食品溯源、电子发票、物流跟踪、跨境支付……”2019年，区块链去中心化、可追溯、防篡改等硬核实力逐渐被挖掘，它不再是比特币的代名词，而正成为赋能千行百业的“利器”。
虚拟币交易 你的卡为什么被冻 怎么办？,https://www.jinse.com/blockchain/577303.html,你的币为什么会被冻？被冻了怎么办？
区块链早餐：俄罗斯、韩国考虑对加密货币交易征税（2020年1月21日  周二）,https://www.jinse.com/blockchain/577308.html,24小时区块链资讯，3分钟全知道！
谷燕西：区块链支持的Quick Bite,https://www.jinse.com/news/blockchain/577286.html,Quibi计划于2020年4月6日上线。计划在上线的第一年总共推出175个项目内容，大约总共为8500个短剧。合计约为每个工作日三个小时的崭新的内容。
SEC委员Robert Jackson：监管者需努力追赶技术进步,https://www.jinse.com/blockchain/577283.html,美国市场监管机构证券交易委员会（SEC）委员Robert Jackson表示，数字资产的快速增长和算法驱动的投资建议已成为监管机构在追赶技术进步的同时寻求保护投资者的一项主要挑战。
北京市两会观察：“区块链”成利器 信息技术为检法赋能,https://www.jinse.com/blockchain/577042.html,月15日，北京市十五届人大三次会议审议市高级人民法院工作报告和市人民检察院工作报告，多次提到信息技术对于检法工作的促进，以区块链为代表的新型技术正在全面为检法赋能。
加拿大监管机构再发力 全新交易所指南进一步规范加密货币市场,https://www.jinse.com/news/blockchain/576130.html,各国的监管机构对数字货币的监管力度正在不断加大。
《四川省区块链产业白皮书（2019 年）》发布 这7个方向有望成“新风口”,https://www.jinse.com/news/blockchain/575893.html,四川区块链产业发展情况到底怎样?哪些是当前区块链技术应用的重点方向?
地方两会上关于区块链的风向标 你get到了几个？,https://www.jinse.com/news/blockchain/575873.html,关于区块链，地方两会代表们说了些什么？地方两会上的区块链议题，又会给行业带来怎样的风向？
北京营商环境政策3.0版：将聚焦区块链技术、信用制等四个重点,https://www.jinse.com/blockchain/575327.html,推出了优化营商环境政策的3.0版
新的美国国会法案寻求对小额加密货币交易免税,https://www.jinse.com/blockchain/575324.html,该法案将在现有的国税局豁免类别中添加一个新类别
金色荐读丨2019年涉币犯罪致60亿美元损失,https://www.jinse.com/blockchain/575323.html,围绕数字资产的犯罪手段，多得你想不到。
加拿大证券管理委员会发布新规：加密交易所将受证券法约束,https://www.jinse.com/blockchain/575321.html,加拿大证券管理委员会（CSA）周四发布了最新的指导方针。
金融科技监管沙盒首批应用落地：700字公告背后的监管战略如何变化？,https://www.jinse.com/blockchain/574795.html,对建设金融科技新业态、提升中国金融核心竞争力具有战略意义
短短11天 全国13个省市将区块链写入政府工作报告,https://www.jinse.com/blockchain/574708.html,2019年区块链实现了主流认可，2020年伊始各省积极布局。随着全国市级“两会”的陆续结束，省级两会拉开序幕
金融科技“监管沙盒”试点应用出炉 金融科技企业携持牌机构“入盒”将成趋势,https://www.jinse.com/blockchain/574674.html,我国在构建金融科技监管基本规则体系方面又迈出关键一步。
中国6地设置监管沙盒 能否成为中国区块链金融创新特区？,https://www.jinse.com/blockchain/574631.html,回到我国，无论是民间自发组织的“产业沙盒”，还是政府背书的“监管沙盒”，都处在局部发展或试点的阶段。区块链金融产品应该以政策合规为先，还是以技术工具检验为先，还尚无定论。
政策利好 马来西亚证券委员会发布IEO监管指南,https://www.jinse.com/blockchain/574671.html,马来西亚证券委员会（SC）周三发布了一份有关数字资产行业的详细指南，注册的首次交易所发行（IEO）平台可以进行代币发售。
肖飒：中国版监管沙箱 未来可期,https://www.jinse.com/blockchain/574107.html,第一波创新应用的导向是：物联网、大数据、人工智能、区块链、API等，可总结为新技术+金融的创新融合。
20国家齐聚 金融稳定委员会首次将稳定币列为重点事项,https://www.jinse.com/blockchain/573976.html,FSB强调，在将稳定币纳入全球金融体系之前，对稳定币进行风险评估并事先制定相关监管方案。
纽约证券交易所要求SEC撤回其比特币ETF申请,https://www.jinse.com/blockchain/573896.html,纽约证券交易所Arca致信美国证券交易委员会（SEC）撤回其比特币ETF的申请。
区块链大规模写进中国政府决策文件背后：已度过实验期,https://www.jinse.com/blockchain/573840.html,据互链脉搏统计，在“1024会议”之后，“区块链”已经进入到中国政府多个部门发布的文件中。这白纸黑字是中国落实区块链发展战略的点点滴滴。
区块链赋能实体可期 多省政府工作报告积极扶持,https://www.jinse.com/news/blockchain/573603.html,自2019年中央政治局集体学习区块链，产业发展迎来政策春风，上市公司也多有布局。步入2020年，区块链的热度在各省政府工作报告中不断展现。
金色前哨丨商务部：将区块链等信息技术研发和应用纳入国家科技计划支持范围,https://www.jinse.com/news/blockchain/573263.html,将企业开展云计算、基础软件、集成电路设计、区块链等信息技术研发和应用纳入国家科技计划(专项、基金等)支持范围。培育一批信息技术外包和制造业融合发展示范企业。
北京金融局局长：未来境内应该不会发放虚拟币交易所牌照,https://www.jinse.com/blockchain/572654.html,我国不允许跨境虚拟币交易，任何机构不能把境外的虚拟货币卖到国内，任何机构不得提供虚拟货币与人民币的兑换。
一日八地两会定调2020年发展规划：数字货币成多地政府工作报告关键词,https://www.jinse.com/blockchain/572417.html,数字经济是未来发展竞争的主战场。中国证券报记者发现，“数字经济”已经成为不少省（市/自治区）2020年政府工作报告的重要内容，浙江省还将“数字经济”作为一号工程进行推进。
北京金融局局长：区块链技术会纳入下周监管沙箱项目测试,https://www.jinse.com/blockchain/572195.html,测试区块链技术的关键不仅测试技术本身，也会测试项目服务实体经济的作用，比如能多大程度服务小微、提升金融风险管理、给更多百姓提供金融价值。
各国代表在FATF开会讨论如何监管虚拟资产和虚拟资产服务提供商,https://www.jinse.com/news/blockchain/571839.html,1月9日，各国主管开会讨论了如何监督和管理虚拟资产和虚拟资产服务提供商（VASP）。
金色实力派｜对话谢纬：揭秘区块链第一城娄底的“小城大计”,https://www.jinse.com/live_broadcast/349,“链城”娄底，一座走在时代发展前沿的城市。
直播|上海市徐汇公证处区块链电子数据存储平台发布会,https://www.jinse.com/live_broadcast/348,"数说  共链  求真  公证
上海市徐汇公证处“汇存”区块链电子数据存储平台发布会
主办方：上海市徐汇公证处
协办方：北京众享比特科技有限公司   律新社
时间：2020年1月17日14:00
地点：瑞力大厦18楼徐汇公证处多功能会议室"
金色实力派丨丝路集团：“一带一路”上的区块链战略布局,https://www.jinse.com/live_broadcast/347,当下区块链与实体经济相结合已成为不可阻挡的时代大潮，金色财经推出“区块链+产业新模式”系列访谈【实力派】，对话走在区块链+最前端的明星企业和集团。1月17日13：00，对话丝路集团、微观科技，一起来看看在“一带一路”上的区块链战略布局，敬请关注！
金色讲堂第22期|SafePal：区块链生态的安全守望者,https://www.jinse.com/live_broadcast/345,金色讲堂全新品牌内容升级，1期1家明星企业热点话题，助你把握市场脉搏、深度了解行业、捕获投资机遇！金色讲堂第22期|SafePal：区块链生态的安全守望者
半木夏BTC--合约这样玩低杠杆20天也能盈利50倍,https://www.jinse.com/live_broadcast/344,1月15日18:00，金色盘面邀请实盘大V半木夏BTC做客金色财经《大咖零距离》直播间，将分享《合约这样玩低杠杆20天也能盈利50倍》，敬请关注。
直播|破界・融合 区块链与数字金融高峰论坛,https://www.jinse.com/live_broadcast/342,1月15日上午，第十届中国金融与创新发展论坛系列活动——破界・融合 区块链与数字金融高峰论坛在北京举办。金色财经为您带来现场图文直播。
金色✖️币印|现在还能入场挖矿吗？（一）,https://www.jinse.com/live_broadcast/341,金色财经联合币印会客室，直播币印会客室第一期，1月14日17：00，跟币印联合创始人朱砝、狼神矿机创始人狼神、HASHHUB云算力创始人胡文涛、贝宝金融联合创始人王立这四位七年老矿工一起学挖矿！
金色实力派|中企云链：国有控股混合所有制企业的区块链金融探索与实践,https://www.jinse.com/live_broadcast/340,当下区块链与实体经济相结合已成为不可阻挡的时代大潮，金色财经推出“区块链+产业新模式”系列访谈【实力派】，对话走在区块链+最前端的明星企业和集团。本期对话中企云链，1月14日15：00，金色财经与央视主持人对话中企云链董事长刘江，一起聊聊中企云链在区块链金融探索与实践。
泰迪帮主—3个月盈利20倍我是这样操作高杠杆超短线合约的,https://www.jinse.com/live_broadcast/339,1月9日18:00，金色盘面邀请捞针选手泰迪帮主做客金色财经《大咖零距离》直播间，将分享《3个月盈利20倍我是这样操作高杠杆超短线合约的》，敬请关注！
金色✖️力说|跨链双雄：Polkadot VS cosmos,https://www.jinse.com/live_broadcast/338,1月8日20：00，力说联合金色财经战略支持直播，张力、曹寅对话Polkadot早期社区成员姜富耀、coinex chain早期开发者姜家志，看跨链双雄如何竞逐，敬请关注。
区块链经济全景与未来：Fintech进化引擎（下）,https://www.jinse.com/blockchain/577106.html,以第一性原理解构区块链经济全景与未来.
区块链对金融领域的“冲击”没有想象中大,https://www.jinse.com/blockchain/577021.html,行业涌现了很多案例，但这些案例的价值在哪里？
首发丨区块链赋能医疗产业报告,https://www.jinse.com/news/blockchain/576476.html,区块链在数据保密、智能合约、生态激励等方面具有天然的优势，与医疗行业具有较高的契合度，能为医疗行业提供多环节安全解决方案，同时也能助推医疗行业智能化发展。
四川发布区块链产业白皮书 区块链应用“新风口”看这 7 个方向,https://www.jinse.com/blockchain/576340.html,目前全省有44家以区块链技术研究为核心的企业，其中35家落户成都。
2020冬季达沃斯论坛区块链前瞻：数字货币成核心议题 却没中国角色,https://www.jinse.com/blockchain/575223.html,去年的达沃斯论坛出现了一面倒对加密货币的批评，对区块链兴趣远不如2018年。但2019年年中Libra的出现、中国央行数字货币的进展，以及大量区块链用例的落地。
金色实力派｜与央视主持人一道 对话国资背景实力派企业中企云链,https://www.jinse.com/news/blockchain/573741.html,拥有雄厚的国资背景，中企云链的2020会如何波澜壮阔呢？
人大新闻学院“触链”：传媒区块链产业智库筹备会成功举办 专家热议传媒业新机遇,https://www.jinse.com/news/blockchain/573375.html,1月12日，“2020传媒区块链高级研讨会暨传媒区块链产业智库筹备会”在中国人民大学明德新闻楼召开。
区块链等11组关键词看产业变革 腾讯发布《蓄势：产业互联网2019回顾与2020展望报告》,https://www.jinse.com/blockchain/572998.html,腾讯研究院发布年度报告，全文分成技术产业化、产业数字化、数字国际化三个篇章，其中技术产业化篇针对重点新型技术应用进展，包括区块链、云与SaaS、大数据、人工智能、5G等。
工信部电子标准院李鸣：标准化推动区块链产业发展,https://www.jinse.com/blockchain/572671.html,标准是发现世界基本规律、加速社会进步的基石，以“标准化”为依据，建立技术体系、应用体系与服务体系，并将所有体系构建成完整的生态体系，是真正发挥区块链技术价值的前提。
区块链+AI场景化引领下一个十年 中国企业腾飞的时代到了？,https://www.jinse.com/blockchain/572416.html,进入2020世代，以5G、物联网、区块链为代表的新一代技术，也在助力AI不断升级。
区块链融入智能制造 打造产业区块链生态,https://www.jinse.com/blockchain/572410.html,区块链融入智能制造的新生态是推进两化深度融合的战略选择，正在为全球信息技术与制造业发展带来颠覆性变革。
ASIC制造行业中国独领风骚 比特币矿机厂居首功,https://www.jinse.com/blockchain/572256.html,SHA-256 ASIC采矿硬件制造商的分布非常集中，2019年排名前四的制造商占总市场的95％以上。
中国区块链50城之福州：“数字福州”加速建设 贸易经济支撑区块链产业落地,https://www.jinse.com/blockchain/571338.html,2018年，数字经济规模突破2800亿元，2019年，福州市数字经济规模达3500亿元。福州市委、市政府提出“数字福州”建设三年行动计划，明确要加快培育区块链新兴产业。
金色观察|什么是判断2020年区块链潮流的基本逻辑？,https://www.jinse.com/news/blockchain/571128.html,在熟悉宏观经济形势的眼中，各行业的发展、风口的出现和消失，在每一年表现出的不同景象，都有迹可循，从结果可以推算成因，这便是行业发展热点或者潮流的基本逻辑。
2020“减产”年 惊喜还是惊吓？,https://www.jinse.com/blockchain/570949.html,六个主流网络轮番减产，行业老炮提示“理性看待”。
把握技术新机遇 构建能源区块链,https://www.jinse.com/blockchain/570654.html,区块链技术对于改变交易模式，降低交易成本，重塑产业优势具有重要意义，区块链技术所赋予的征信经济将市场化改革推向深入。
贸易大国的使命（中篇）：区块链跨境贸易应用的深远意义,https://www.jinse.com/blockchain/570650.html,区块链跨境贸易的产业应用，为世界贸易带来的是协同合作的精神与理念；为世界贸易提供了数据信息在安全加密状态下的公平交互环境；为世界贸易创造出诚信贸易环境。
传统和先进的完美结合：区块链+农业将大有可为,https://www.jinse.com/blockchain/569997.html,“区块链+”将是未来发展的趋势。
财联社点评：区块链为何被列入2019年银行业十件大事？,https://www.jinse.com/blockchain/569963.html,首个单独针对金融科技的顶层设计文件出台，对未来银行业发展具有重要指导意义，区块链技术在金融领域的推广应用，将有力提升金融监管效能与金融活动效率。
伊朗战争阴影下的中国矿工：“一旦开战 人撤机卖”,https://www.jinse.com/blockchain/569870.html,逐电力而居的中国矿工们，突然坐在了世界的火山口。
金色观察|MAS数字银行牌照究竟有何魅力？,https://www.jinse.com/news/blockchain/569246.html,新加坡金融管理局（MAS）发布公告，截至2019年12月31日申请截止，已收到21份数字银行牌照申请。
解放军报：区块链军事应用方兴未艾,https://www.jinse.com/blockchain/568723.html,同其他新兴技术产生后必然运用于军事领域一样，区块链技术在军事领域同样有着广阔的应用发展前景，其在军事领域取得应用突破，势必产生深刻影响。
金色荐读丨悲喜交加的韩国区块链行业,https://www.jinse.com/blockchain/567893.html,曾几何时，韩国加密货币随着国际大盘发展迅猛，韩国相关企业通过ICO赚取了数千亿韩元，但好景不到三年。2020年是区块链企业向投资者交付成果的一年，如未能交付，将
金色荐读丨以太坊永不为奴 ETH2前途光明,https://www.jinse.com/blockchain/577520.html,毫不夸张的说，ETH2的研究团队是整个区块链领域中最有经验和才华的协议设计团队。
一文读懂加密货币智能钱包生态先行者,https://www.jinse.com/blockchain/577536.html,想抛开私钥和助记词，你必须了解一下智能钱包。
Polkadot VS Cosmos：谁是2020跨链之王？（上）,https://www.jinse.com/blockchain/577454.html,密码极客首届线上辩论赛全程回顾
开源的货币与开源的生态系统,https://www.jinse.com/blockchain/577199.html,区块链革命将推动开源世界的成长
金色荐读丨一文读懂UTXO合并,https://www.jinse.com/blockchain/576951.html,对于既频繁接收又频繁发送付款的组织来说，合并是省钱的最有效方法之一。
以太坊2.0 Staking 指南 ：激励机制,https://www.jinse.com/blockchain/576736.html,我们将探析在 eth2 中举足轻重的激励机制，以及如何通过奖励、惩罚和罚没的形式来实现。
波卡周报：发布跨链协议 XCMP 和 Cumulus 平行链模块,https://www.jinse.com/blockchain/576707.html,1月13日，Gavin 发推宣告，Kusama 在经历几天的 chaos 之后终于恢复正常。
如何把区块链应用交给社区？这有一份渐进式去中心化操作手册,https://www.jinse.com/blockchain/576354.html,试试这三个步骤，成功将区块链项目「交给社区」。
区块链的“生物钟”长啥样？,https://www.jinse.com/blockchain/575532.html,逻辑时钟的概念让区块链和其他分布式系统有序起来
清算人：如何在DeFi赚取丰厚利润,https://www.jinse.com/blockchain/575431.html,清算人是让DeFi正常运行的秘密鲸鱼。
「数字货币 TOP100 大探索26」Cosmos | 今年跨链会怎样？,https://www.jinse.com/blockchain/574903.html,"今天 TOP 100 数字货币大探索，分享一个市值排名很靠前的跨链项目 Cosmos ATOM。

希望一篇短文讲清楚跨链。"
如何对一个区块链项目进行尽职调查？,https://www.jinse.com/blockchain/574824.html,提出的解决方案在技术上可行吗? 为什么一定需要区块链? 是否处于预期之内?
"IPFS实际应用,5分钟简单搭建“爱奇艺”",https://www.jinse.com/blockchain/574369.html,IPFS应用前景有多大，简单看一下他的实际应用即可。
金色荐读丨以太坊2.0的Staking逻辑,https://www.jinse.com/news/blockchain/573932.html,在以太坊 2.0 中，为了参与投票（即成为一名验证者），你需要质押 ETH。为此，你将会获得部基于某个利率 (收益率) 的额外 ETH 奖励以及部分网络交易费。
以太坊2.0如何实现“刷卡级”速度？,https://www.jinse.com/blockchain/573148.html,V神立下Flag，2.0版以太坊交易确认时间可缩短至3~6秒。
手把手：用RUST语言开发RSA算法模拟,https://www.jinse.com/blockchain/572914.html,RSA算法的来龙去脉，原来如此~
ChainLink、预言机与两个世界的连接,https://www.jinse.com/blockchain/572799.html,去中心化预言机是加密世界的重要基石之一。
比特币与黄金之间的联系,https://www.jinse.com/blockchain/572804.html,比特币和黄金，原油之间存在着什么联系呢？他们的价格走势呢
为什么中本聪会在比特币白皮书中提出 SPV ？什么是 SPV （简单支付验证） ？,https://www.jinse.com/blockchain/572661.html,今天分享下为什么在短短的白皮书中会提到SPV，简单支付验证。
DeFi 中的资产合成工具：Synthetix,https://www.jinse.com/blockchain/572324.html,合成工具将成为通往 DeFi 未来以及实现 DeFi 普及的阶梯
用比特币的中间层知识完善区块链认知,https://www.jinse.com/blockchain/572170.html,今天聊一聊区块链认知
技术分析|以太坊、比特币和比特币现金上的智能合约,https://www.jinse.com/blockchain/571944.html,”尽管尚不如以太坊，大家都以自己独特的方式和优势支持链上智能合约的存在。“
IBM量子位计算机“Raleigh”实现了32量子体积 会对比特币安全构成威胁吗？,https://www.jinse.com/blockchain/571928.html,在昨天的2020年国际消费电子展（CES 2020）上，该公司宣布，其28位量子位计算机“Raleigh”已经实现了32量子体积（Quantum Volume）。
入门科普：比特币技术（一）,https://www.jinse.com/blockchain/577508.html,比特币技术（一）---去中心化
最新发布/你知道全球知名加密数字货币钱包有哪些吗 进来看看 有你在用的吗,https://www.jinse.com/blockchain/577356.html,全球加密数字货币钱包排行榜  介绍
观点丨从区块链应用落地看区块链共识,https://www.jinse.com/blockchain/577027.html,区块链共识是什么？为什么需要共识？
吴建刚：第一存储公链——交子链（CNT）,https://www.jinse.com/blockchain/576972.html,交子链是第一存储公链，它不仅是一个存储的公链，还是功能完备的公有链，拥有无限可扩展交易速度和分布式通讯功能。
最新发布/你知道全球知名数字货币交易所有哪些吗 进来看看 有你在用的吗,https://www.jinse.com/blockchain/576860.html,最新发布/全球数字货币交易所排行榜
构建数字化“分歧终端机”——探索Commit-Reveal Scheme,https://www.jinse.com/blockchain/576621.html,以太坊是一个公共区块链，可因此却导致了对于隐私数据的管理困难。而有许多应用程序则必需要隐藏值才能正常运行，因此，commitment schemes就成为了一个
俄罗斯币圈真相（二）：莫斯科“历险记”,https://www.jinse.com/blockchain/576607.html,运钞车送钱、AK47压阵、一手交钱一手打币，记者带你一探莫斯科的币圈真相
下一代互联网Skywire竞争对手分析（五）总结篇,https://www.jinse.com/blockchain/576390.html,它快速、自由、私人的、匿名的、加密的、不依赖于ISP，不受审查制度影响的、去中心化的并且有经济激励。期待Skywire尽快普及让更多人享受到新网络的福利。
探索 | Web 3.0如何驱动未来,https://www.jinse.com/blockchain/575056.html,去中心化治理将如何运作，去中心化互联网和经济将如何适应现有的立法框架？
贸易大国的使命（下）:区块链跨境贸易应用对世界数字货币发展及社会经济治理的变革影响,https://www.jinse.com/blockchain/574984.html,区块链跨境贸易的生态场景对人民币数字国际化将起到关键性决定作用；随着区块链跨境贸易的产业应用范围扩大，区块链将对社会经济治理结构产生范式革命。
网络行为与区块链技术的关系,https://www.jinse.com/blockchain/574816.html,BLockMania现推出全新栏目「大咖说」，通过邀请产业大咖和行业专家，聚焦行业热点，分享他们在产业与区块链结合的最新洞察，从概念到应用，为你深度解析区块链
ipfs filecoin项目简介,https://www.jinse.com/blockchain/574796.html,ipfs filecoin项目简介
北行漫记：带你了解最真实的俄罗斯币圈,https://www.jinse.com/blockchain/574170.html,俄罗斯币圈真相（一）：初识俄罗斯  不止是战斗民族
NFT 圣经：关于非同质化代币的所有知识,https://www.jinse.com/blockchain/573964.html,NFT 圣经：关于非同质化代币的所有知识
良禽择木 凤栖梧桐 有多少传统金融精英转投加密新前景？,https://www.jinse.com/blockchain/573471.html,俗话说良禽择木而栖，各领域的精英也是如此，只要行业前景足够有吸引力，他们总会第一时间向之迁移。仅去年一年中，有多少传统行业精英转投了加密行业的怀抱？
关于脑裂 - 中本聪都说了些什么 ？,https://www.jinse.com/blockchain/572754.html,​在断网，硬分叉等极端的情况下，千万不要冒险进行交易。要看大势，大势是接，就可以接，如果就你几个人愿意接，那还是算了，这时标新立异你就是冤大头。
通证经济模型与实践 之 DAC分布式自组织商业体的形成过程与二维价值表示 （一）,https://www.jinse.com/blockchain/572430.html,DAC没有明确的组织边界，是“跨域”的。参与者通过某个项目或者协作而自行地组织在一起，创造价值并获取收益和激励，同时随着协作的不断深入，逐渐形成共识社群。
2019年区块链的速度与激情,https://www.jinse.com/blockchain/572429.html,2019年“区块链”三个字非常火爆，为什么它会在今年会走进大众视野呢？区块链给各国政府、传统行业巨头、金融机构、互联网巨头带来哪些刺激？通过一年的回顾我们可以看
专业矿工的必修课：用金融工具管理挖矿风险,https://www.jinse.com/blockchain/569470.html,金融的本质是管理风险，不会管理风险的矿工不是好矿工！
八个知识点 | 让你更懂比特币,https://www.jinse.com/blockchain/568668.html,Some very important points that most people do not understand about Bitcoin
量化交易学习者的趣味读物,https://www.jinse.com/blockchain/566137.html,罗马不是一夜建成的，也没有人能一夕之间就成为量化大师，学习要张弛有度，专业知识学累了就看看故事性读物放松一下吧。
比特币的进化之路,https://www.jinse.com/blockchain/566016.html,数字货币将进化出丰富多彩的物种和生态，适应各种各样的需求和环境
2019年区块链行业众生相:四环宇风暴时代惊雷,https://www.jinse.com/blockchain/565983.html,随着各国对央行数字货币的研究和计划发行，将来整个世界应该会进入一个数字货币电子支付的时代
Layla：只有政府行业教育机构三方联动才能行之有效地推动区块链大学教育的发展,https://www.jinse.com/news/blockchain/465079.html,只有政府、行业、教育机构三方联动，才能行之有效地推动区块链大学教育的发展。
刘昌用：巨头企业进行的区块链实践能够为高校区块链提供非常有价值的实践基础,https://www.jinse.com/news/blockchain/465071.html,巨头企业所进行的区块链实践能够为高校区块链提供非常有价值的实践基础，防止高校区块链研究和教育脱离现实，过早地走向纯学术。
肖臻:区块链核心技术属于分布式系统、密码学等计算机传统领域 跟机器学习有很好结合点,https://www.jinse.com/news/blockchain/465054.html,区块链核心技术还是属于分布式系统、密码学等计算机传统领域，跟机器学习也有很好的结合点。
段江：现阶段的区块链高校教育课程内容还在持续打磨,https://www.jinse.com/news/blockchain/465031.html,在学校的区块链教育中培养学生的区块链思维，区块链技术，让学生在真正掌握区块链知识。
"老师,好!——论区块链大学教育的学与思|金色相对论",https://www.jinse.com/news/blockchain/465016.html,本期金色相对论邀请到了北京大学刘昌用、北京大学肖臻、西南财经大学段江、苏州大学Layla Dong，为大家分享当下区块链教育的一些现状与思考。
Michael Wu：被市场关注及诸多机构注资的最大原因是Bakkt的合规性,https://www.jinse.com/news/blockchain/463131.html,Bakkt本质上提供的是一个机构投资者可以参与的现货产品。
Dovey：Bakkt的实物结算期货对现货交易所不会有太大的威胁,https://www.jinse.com/news/blockchain/463122.html,合规肯定是交易所很重要的一个发展方向。
谷燕西：Bakkt提供实物结算为比特币交易提供了更多的流动性,https://www.jinse.com/news/blockchain/463116.html,CBX研究院创始人谷燕西表示，Bakkt提供实物结算为比特币交易提供了更多的流动性，会激励全球各地的合规交易所提供比特币交易服务。
Bakkt比特币期货能否引爆牛市？三位大佬告诉你真相|金色相对论,https://www.jinse.com/news/blockchain/462558.html,本期金色相对论邀请到了CBX研究院创始人谷燕西，Primitive Ventures 创始合伙人Dovery Wan，Amber Group CEO Michael Wu，一起聊聊明星Bakkt能否成牛市之钥。
什么是一条好链？——一定要有自主创新的硬核技术,https://www.jinse.com/blockchain/577327.html,如何判断一条区块链是不是好链。近日，互链脉搏邀请了行业内非常资深的专业人士做了场线上圆桌，就此问题进行解答。希望助于应用方的甄别。
2020通证经济时代是否到来？通证经济模型与实践探讨（上）,https://www.jinse.com/blockchain/577307.html,改造传统工具无法拯救的互联网创业企业，必须有新的工具。
ViaBTC许浩扬：区块链的未来取决于底层技术和落地应用丨米林新春特辑,https://www.jinse.com/blockchain/577057.html,区块链的未来取决于底层技术和落地应用
“不要最好只要更好” 95后电商新贵时召祥跨界区块链,https://www.jinse.com/blockchain/576983.html,作为《链上人才》第二季的开年巨献，本期邀请到的嘉宾为火焱社创始人、德一生态联盟常务会长、乐挖联合创始人 ——小强（时召祥） 。
优贝迪孵化基金看准产业区块链 徐刚博士领投吃货大陆共建亿元产业基金,https://www.jinse.com/blockchain/576606.html,随着产业区块链的蓬勃发展，徐刚博士再次出手，以1000万元人民币领投吃货大陆“餐饮品牌价值发现平台”，率先抢占“吃穿住行”四大产业之首的餐饮产业区块链赛道。
公链最好的应用落地场景是什么?看CoinEx Chain的2020路线图,https://www.jinse.com/blockchain/576480.html,公链的场景上未来Defi的场景会不断扩大，Defi的应用会有四个方向非常值得探索。
"2020 年比特币减半在即,宝二爷郭宏才有话说",https://www.jinse.com/blockchain/576396.html,宝二爷郭宏才越洋分享关于 2019 年热点思考及 2020 年比特币行情减半的看法
公鹿说 | POW Ecosystem中国区负责人带来POW 生态系统使用攻略,https://www.jinse.com/blockchain/575379.html,公鹿说 | POW Ecosystem中国区负责人带来POW 生态系统使用攻略
通证经济模型与实践 DAC分布式自组织商业体的形成过程与二维价值表示 （四）,https://www.jinse.com/blockchain/575050.html,用XT+UT的二维价值表示模型，联盟链的很多应用是把现实世界的资产通证化上链，就是 XT，但是在协作过程中产生的新的价值UT，联盟链是没有考虑的。
币印会客室第一期——现在还能入场挖矿吗？（直播回顾）,https://www.jinse.com/blockchain/574969.html,币印会客室第一期《现在还能入场挖矿吗？》顺利开展，本活动面向矿圈以外人士，面向币圈和传统投资者。
世链对话社区第十期|社区生态3.0——区块链世界的共识引擎,https://www.jinse.com/blockchain/574815.html,单个社区的共识不足以撼动世界，但区块链社区的共识必定让整个世界为之震撼。
朱琅：云+区块链实现区块链技术的普惠应用——499链习生第1期,https://www.jinse.com/blockchain/573547.html,区块链在关乎老百姓切身利益的应用上是最有商业价值的。
江卓尔：屯币更赚钱 为什么还要挖矿?,https://www.jinse.com/blockchain/573490.html,区块链世界里面最可怕的就是被洗下车！
通证经济模型与实践 -- DAC分布式自组织商业体的形成过程与二维价值表示 （三）,https://www.jinse.com/blockchain/573408.html,威士忌品牌可以利用DAC构建一个多方参与的威士忌联盟，吸引包括投资收藏者、意见领袖（KOL）和年轻的终端消费者在内的各方加入生态。
金山云朱江：区块链结合云计算共建数字金融“朋友圈”,https://www.jinse.com/blockchain/572058.html,从云计算到区块链，在当前技术变革背景下，科技热点不停地切换。
中国区块链应用研究中心郭宇航：拥抱监管是区块链行业发展的必经之路,https://www.jinse.com/blockchain/572008.html,最终是否拥抱监管，是一项技术走向成熟或者走向小众的分水岭。
中科院院士郑志明谈区块链:国家主链还是由国家队来做,https://www.jinse.com/news/blockchain/571978.html,如果是主链，国家的主链，恐怕还是由国家队来做，因为里面的这些规则很重要，底层架构做好很重要。
链世纪财经｜2020区块链+高峰论坛嘉宾访谈,https://www.jinse.com/blockchain/571411.html,链世纪财经作为此次战略合作媒体感谢大会的邀请，同时也感谢李总和赵总对区块链未来发展趋势以及落地应用等方面的专业解答。
高承实：数字法币是区块链架构中的血液和灵魂,https://www.jinse.com/blockchain/570989.html,链改是指用区块链的理念和技术，对现有产业的业务流程和社会组织治理机制进行改造。
徐皓：区块链+”时代的可实施性探讨——499Block加油站第108期,https://www.jinse.com/blockchain/570453.html,“2020年区块链落地应用场景热点根据区块链分类，在公有链的层面，比较适合的场景是数字内容分发领域；在联盟链的方面，第一个应用场景是可以解决人类社会可持续发展的
关于脑裂中本聪都说了些什么？,https://www.jinse.com/blockchain/569259.html,如果网络进行分开了然后重新组合，则较短链中的任何交易（而不是较长链的交易）都会再次释放到交易池中，并且有资格进入将来的区块。 他们的确认数目将重新编排。
《区块链+零工经济 如何保障自由职业者权益》线上分享实录,https://www.jinse.com/blockchain/568675.html,2020年1月6日晚8点，OpenLedger APS创始人，VPLedger创始人Ronny Boesing在SVHack社区中进行了AMA分享
LTC创始人李启威不惧流言蜚语用“山寨”创造百亿市值奇迹,https://www.jinse.com/blockchain/568379.html,有一个人，将山寨币做到了前所未有的高度。他手中的山寨币市值超过百亿，长年以来都保持着交易市场前几的地位，甚至频频向其山寨的对象发起挑战。
"比特币价格冲高回落,或将酝酿新一轮反弹？",https://www.jinse.com/blockchain/577585.html,接下来，市场需要找到支撑区域，才有可能延续此前的势头。
黑天鹅突袭市场震荡蓄势/200121分析,https://www.jinse.com/blockchain/577567.html,黑天鹅突袭市场震荡蓄势/200121分析
男女失衡最严重的地方除了物理学院    其次就是链游圈,https://www.jinse.com/blockchain/577565.html,看来除了物理学院，男女失衡最严重的地方恐怕就是链游圈了。
节日期间  少看少动 1/21疯人院行情分析(BTC),https://www.jinse.com/blockchain/577564.html,币圈唯一每天坚持视频分析行情的公众号！
1.21晚间行情:春节将至 牛市还继续吗？,https://www.jinse.com/news/blockchain/577519.html,春节将至，牛市还继续吗？
BTC月线盘面预示距离牛抬头只一步之遥,https://www.jinse.com/news/blockchain/577497.html,BTC月线盘面预示距离牛抬头只一步之遥
"理性面对春难,迎接走牛行情!1月21日老俞说币",https://www.jinse.com/blockchain/577492.html,"理性面对春难,迎接走牛行情!"
BTC年度上升结构完好 中长线低吸机会,https://www.jinse.com/news/blockchain/577461.html,BTC年度上升结构完好 中长线低吸机会
1.21午间行情：震荡过后大概率向上,https://www.jinse.com/news/blockchain/577460.html,震荡过后大概率向上
珠穆朗玛币王：1月21日美联储将推出Fedcoin 以对抗央行DCEP,https://www.jinse.com/blockchain/577459.html,美国已经有了一套成熟、稳定、高效的美元结算体系，因此发行美元数字货币的实际收效可能不大，其最主要价值其实是美元使用的便捷性和对抗中国DCEP的蚕食。
深度文章｜2020年区块链行业的五大趋势 1月21日行情分析,https://www.jinse.com/blockchain/577458.html,比特币震荡收窄即将选择方向，向上的概率较大，下方需要关注支撑8600美元！
贵财谈币：震荡横盘 耐心等待行情爆发,https://www.jinse.com/blockchain/577449.html,现在就是等待市场选择方向的时候了，我们可以顺势而为。
10年盘面走势预示BTC一波大爆炸行情或在酝酿,https://www.jinse.com/news/blockchain/577448.html,10年盘面走势预示BTC一波大爆炸行情或在酝酿
ETH区间震荡整理 或为蓄势突破上行,https://www.jinse.com/news/blockchain/577439.html,ETH区间震荡整理 或为蓄势突破上行
BTC陷入狭窄区间盘整 8500成多头生命线,https://www.jinse.com/blockchain/577332.html,隔夜部分二线币种走出了强度可观的反弹表现，但是BTC的价格波动幅度非常有限，在短期内的拉锯过程中BTC逐渐进入到了一个重新定向的关键阶段之中。
BTC短线回落整理 或将酝酿新一轮波段行情,https://www.jinse.com/news/blockchain/577425.html,BTC短线回落整理 或将酝酿新一轮波段行情
君临说币：1.21BTC行情分析 多军是否会在近期重整旗鼓再振雄风冲刺9000大关？,https://www.jinse.com/blockchain/577389.html,每日行情以及操作建议
比特币跌回8500 转势or洗盘？|1月20日区块链随笔,https://www.jinse.com/blockchain/577276.html,重要支持并未破 BNB LTC BTC ETH EOS
珠穆朗玛币王：1月20日USDT负溢价的背后逻辑,https://www.jinse.com/blockchain/577234.html,珠穆朗玛币王：1月20日USDT负溢价的背后逻辑
秦川说币1月20日行情分析大盘回撤坚守多日终见曙光,https://www.jinse.com/blockchain/577209.html,秦川说币1月20日行情分析大盘回撤坚守多日终见曙光
一凡谈币：回调后年前行情如何布局？(20200120行情分析),https://www.jinse.com/blockchain/577169.html,行情分析
昨晚七点的大跌是空军最后的挣扎  还是收割前的小试牛刀？,https://www.jinse.com/blockchain/577126.html,昨晚七点的大跌，可能只是收割前的小试牛刀
AToken每日简报 | BTC仍8500强支撑 主流币纷纷进入各自行情,https://www.jinse.com/blockchain/577125.html,BTC当前暂报8676.21美元，日涨跌幅为+0.50%。
一位传统金融大佬  丢失比特币密钥,https://www.jinse.com/blockchain/577589.html,在每一次科技浪潮袭来时，真正能毫不畏惧加入大潮，参与其中的人总是少数。
OKEX AMA AshDavidson：如何利用OKEx交易大数据优化交易策略,https://www.jinse.com/blockchain/577477.html,本文将为你解读如何利用交易大数据中的指标来辅助交易。
PA周刊 | 上海支持央行数字货币研究所在沪设立金融科技公司,https://www.jinse.com/blockchain/577279.html,一周重要消息，看这篇就够了。
金融必定是区块链最适合的应用领域（下）,https://www.jinse.com/blockchain/577121.html,下篇将继续从流动性管理模式出发，探讨区块链解决方案能对银行日内流动性管理做出何种改善。
区块链应用（DApp）2019年度报告,https://www.jinse.com/blockchain/576886.html,DappOnline将带领大家一起对2019年的区块链去中心化应用进行回顾、盘点、展望，这也将帮我们更好的看待已经逝去的2019和即将到来的2020。
另辟蹊径的 Dimension 旗下三款隐私工具,https://www.jinse.com/blockchain/576550.html,Dimension 目标成为互联网和去中心化系统的桥梁，再不迁移和不改变用户习惯的情况下拥有数据私有产权。旗下有产品 Maskbook、Tessercube等
比特币巨鲸的交易所充提真的能影响价格吗？,https://www.jinse.com/blockchain/576549.html,“币圈大户”对普通交易者来说一直是神秘的存在，每次暴涨暴跌的背后总充斥着“巨鲸“动向的风言风语，好像他们随便一个交易指令就能让K线走向自己想要的方向。
从早期互联网的泡沫看区块链的希望,https://www.jinse.com/blockchain/576546.html,2000年左右的时候，一家互联网企业怎么进行IPO？答案是做一份商业计划书，2017、2018年的时候怎么ICO？答案是写一份白皮书。
DappReview：币安收购的 DApp 评测平台,https://www.jinse.com/blockchain/576521.html,DappReview 是一个 dApp 评测平台，提供精确的 dApp 数据，用户洞察和市场数据分析。
ChainsMap比特币链上数据12月全景扫描（下）：交易所双巨头篇,https://www.jinse.com/blockchain/576402.html,币安、火币一个月聚集了超80万枚BTC的来来往往，背后反映了什么趋势？
全球科技公司区块链布局研究:2024年BaaS市场将达305.9亿美元（附PDF）,https://www.jinse.com/blockchain/576345.html,基于对全球科技公司区块链业务逻辑的深刻剖析， 相信区块链公司、 致力于建设区块链的企业、 投资人都能获得启发。
区块链科技2020年1月区18日重要动态见闻一览,https://www.jinse.com/blockchain/576341.html,"宏观政策 ：分布式办公 张本才 吴晓华 李伟 方世忠

行业动态 ：FAFA BB 慢雾科技 Paydex

精彩观点 ：Brad.Sherman 周强 Lib"
区块链科技2020年1月区17日重要动态见闻一览,https://www.jinse.com/blockchain/576006.html,"宏观政策：美国国会法案 章寿荣 四川区块链白皮书 华博雅 陈朝晖 陈丽 王柏华

国务院

行业动态 : 比特币 美国税局 Coinbase KyberSwap"
达世币也涨了200％  要不要寻找下一个“黑马”？,https://www.jinse.com/blockchain/575890.html,目前的市场总体而言还是熊市，这次行情顶多只是熊市中的一个小浪花，而是未来整个市场行情到来后的大红利。不要轻易换仓追黑马，那样只会捡了芝麻丢了西瓜。
洞悉2019年加密资产行业：一级市场与二级市场,https://www.jinse.com/blockchain/575762.html,加密资产行业上半场竞争方兴未艾，机遇与挑战并存。
世界风云变幻  比特币走势强劲,https://www.jinse.com/blockchain/575308.html,海外风云变幻，“当局者迷，旁观者清”，对比特币的认知海外的当局者都不迷，而我们更要看到比特币的独特性和在资产配置中的关键性。
金色荐读|以太坊已被严重低估 胜利几乎被注定？,https://www.jinse.com/blockchain/575129.html,ETH相比于比特币和同类型智能合约平台均被市场严重低估，在目前的竞争格局下，以太坊的胜利几乎是注定的。
"紧张局势下,发展中国家会接受加密货币吗？",https://www.jinse.com/blockchain/575047.html,“无国界的货币”绝不只是一个流行语，但更不会是投机的标的。
为什么比特币长期抗打击能力最差？它能否成为一种高价信用货币？,https://www.jinse.com/blockchain/574804.html,为什么比特币长期抗打击能力最差？它能否成为一种高价信用货币？
能源+区块链行业研究报告,https://www.jinse.com/blockchain/574782.html,能源作为一个体量巨大的传统行业，其与区块链的结合有着巨大的想象空间。
憧憬 | 对比特币的线性叙事,https://www.jinse.com/blockchain/574766.html,对比特币历史的健康尊重是任何试图对其进行定义的必要起点。它不是单一的，比特币主义者在意识形态上也不是同质的。
ChainsMap比特币链上数据12月全景扫描（上）：全局数据篇,https://www.jinse.com/blockchain/574697.html,比特币价格波动下降，链上活动波澜不惊，10张图带你穿透12月的链上数据
俄罗斯总理宣布俄政府全体辞职 或将利好加密货币,https://www.jinse.com/blockchain/574662.html,俄罗斯总理宣布俄政府全体辞职！世界上所有的不确定性，都是利好加密货币。
